local authority name,All usual residents,White British,White Irish,White Gypsy/Irish Traveller,White Other,Mixed White and Asian,Mixed White and Black African,Mixed White and Black Caribbean,Mixed Other,Asian Bangladeshi,Asian Chinese,Asian Indian,Asian Pakistani,Asian Other,Black African,Black Caribbean,Black Other,Other Arab,Other Any other
City of London,7177,4909,241,,925,55,21,30,55,276,271,158,23,31,117,51,14,,
Barking and Dagenham,10206,4713,186,,649,62,84,89,92,174,215,902,1368,215,941,439,77,,
Barking and Dagenham,9300,8432,134,,127,16,18,74,18,14,24,35,16,3,250,123,16,,
Barking and Dagenham,11450,8902,175,,473,41,34,121,40,89,188,317,217,75,438,278,62,,
Barking and Dagenham,9299,7726,172,,205,32,17,77,32,26,77,255,104,51,227,236,62,,
Barking and Dagenham,10096,8925,177,,186,36,23,48,13,25,97,125,45,19,256,112,9,,
Barking and Dagenham,10089,8177,153,,221,22,31,96,36,47,82,179,210,48,485,242,60,,
Barking and Dagenham,9371,5646,146,,604,81,92,116,47,75,177,349,351,133,1212,275,67,,
Barking and Dagenham,10333,9057,140,,148,31,23,106,15,6,52,58,76,28,424,147,22,,
Barking and Dagenham,9649,8592,149,,143,12,35,91,28,18,38,45,24,13,296,138,27,,
Barking and Dagenham,8890,7091,155,,209,30,20,59,39,44,96,412,235,80,201,188,31,,
Barking and Dagenham,9316,8356,114,,160,20,22,89,21,4,64,33,30,12,255,103,33,,
Barking and Dagenham,9039,8165,152,,150,19,17,65,18,10,55,51,39,24,166,83,25,,
Barking and Dagenham,10260,8481,307,,190,18,28,84,33,49,52,242,66,22,450,215,23,,
Barking and Dagenham,8547,6400,86,,304,17,59,88,29,21,76,175,99,56,823,244,70,,
Barking and Dagenham,8775,7786,128,,140,31,21,65,14,21,35,96,34,22,198,145,39,,
Barking and Dagenham,9720,8405,149,,186,22,30,88,35,10,54,80,68,9,384,143,57,,
Barking and Dagenham,9604,7712,230,,253,44,18,64,40,40,93,327,73,67,278,323,42,,
Barnet,14668,9274,460,,1848,117,60,81,112,102,394,1125,151,373,324,206,41,,
Barnet,15243,7944,775,,869,179,145,141,189,52,945,1265,227,431,1522,439,120,,
Barnet,17261,8605,785,,3323,217,93,101,235,67,1086,963,247,348,879,226,86,,
Barnet,13860,5452,588,,1116,116,169,137,175,48,1020,1619,442,521,1780,487,190,,
Barnet,14504,8493,603,,1586,200,95,121,153,77,610,1251,108,256,620,262,69,,
Barnet,15332,11519,449,,1305,127,57,85,100,36,267,645,78,237,301,111,15,,
Barnet,14534,8769,647,,1705,145,88,103,159,104,537,1016,141,183,643,225,69,,
Barnet,14816,9482,337,,1009,93,67,67,104,79,462,1801,197,256,685,147,30,,
Barnet,13810,8145,338,,1760,165,52,42,128,44,719,1291,164,307,523,105,27,,
Barnet,14727,9617,222,,2608,159,29,32,139,28,623,500,129,203,341,85,12,,
Barnet,16249,8755,388,,2757,171,84,65,180,110,927,1144,262,331,872,149,54,,
Barnet,15663,9616,522,,1046,134,83,77,137,86,703,1564,216,370,804,238,67,,
Barnet,15377,8597,411,,2160,168,82,61,153,77,787,1405,198,338,727,163,50,,
Barnet,13847,11079,377,,926,119,42,65,94,33,255,456,45,113,155,79,9,,
Barnet,15379,9911,483,,1389,203,67,85,119,57,620,1046,228,293,669,174,35,,
Barnet,14740,10374,531,,1371,135,52,54,106,32,334,958,121,246,299,108,19,,
Barnet,14449,9011,372,,1455,143,37,31,153,39,1223,1228,145,233,277,86,16,,
Barnet,15721,11746,552,,856,128,74,80,126,81,396,638,80,242,516,165,41,,
Barnet,14264,7252,486,,1708,155,62,68,187,90,1008,2259,172,244,391,144,38,,
Barnet,14587,5996,567,,1474,193,54,79,123,110,1066,2788,447,434,909,300,47,,
Barnet,15533,8664,652,,1751,151,98,95,158,96,552,2168,167,293,414,214,60,,
Bexley,10277,9460,148,,147,21,9,33,17,4,74,198,4,16,109,34,3,,
Bexley,10839,8954,144,,235,58,17,57,54,8,94,677,19,60,307,126,29,,
Bexley,10419,9625,151,,182,23,14,26,41,7,48,142,13,30,51,56,10,,
Bexley,10418,9583,158,,178,38,8,37,22,18,68,158,7,56,50,30,7,,
Bexley,10387,9400,154,,128,35,11,28,20,6,105,297,18,48,69,61,7,,
Bexley,10390,9302,184,,228,38,12,38,42,32,62,240,14,45,64,84,5,,
Bexley,10595,9561,111,,218,49,16,42,30,15,73,226,10,15,166,51,12,,
Bexley,10289,9553,139,,177,24,17,29,29,23,50,75,0,30,80,52,11,,
Bexley,10295,9332,125,,241,57,19,58,46,33,65,110,10,42,91,58,8,,
Bexley,10315,9181,155,,199,56,12,41,26,21,105,286,25,56,65,65,22,,
Bexley,10383,9224,153,,212,37,13,30,32,10,116,279,7,69,118,71,12,,
Bexley,9811,8040,126,,188,47,29,46,26,20,102,620,56,60,274,153,24,,
Bexley,10535,9516,149,,206,33,9,27,18,37,91,235,13,74,43,73,11,,
Bexley,10947,8433,156,,286,60,49,64,37,24,405,422,28,78,649,185,71,,
Bexley,9611,8733,145,,232,46,3,30,29,14,69,138,17,49,65,32,9,,
Bexley,10465,9222,114,,273,51,21,49,42,22,84,150,9,55,235,119,19,,
Bexley,10483,9370,112,,200,25,14,32,23,12,87,394,4,80,75,52,3,,
Bexley,10043,9258,121,,156,36,6,33,29,16,94,189,5,52,21,22,5,,
Bexley,10672,9520,163,,196,51,11,46,23,5,55,348,5,78,72,88,11,,
Bexley,10432,9354,126,,298,52,17,13,41,25,125,178,35,55,68,31,14,,
Bexley,10701,7326,191,,358,78,87,109,68,34,322,186,34,63,1413,319,113,,
Brent,12323,2259,507,,658,108,59,86,102,71,347,3987,561,1518,698,1214,148,,
Brent,13188,4319,634,,970,133,55,120,121,70,805,2581,506,601,1088,1038,147,,
Brent,11643,4924,777,,1966,158,133,116,143,37,402,870,332,308,693,693,91,,
Brent,12102,3038,1601,,1181,115,100,115,123,37,518,1901,766,505,948,999,155,,
Brent,13350,3816,1237,,2055,122,103,122,198,65,519,1478,726,463,973,1295,178,,
Brent,11888,3873,1018,,697,167,66,84,143,46,447,2542,524,771,648,760,102,,
Brent,12227,2844,867,,946,85,106,236,119,63,338,612,419,311,1987,2791,503,,
Brent,10668,3614,834,,1224,93,86,189,106,8,308,940,206,202,803,1784,271,,
Brent,11872,4008,498,,582,122,30,49,88,68,415,4403,260,588,364,332,65,,
Brent,14172,5000,1291,,1643,117,160,184,155,68,542,543,386,259,1619,1844,361,,
Brent,13242,5242,1405,,2218,133,81,120,167,65,492,764,551,333,743,811,117,,
Brent,12175,3607,754,,766,151,48,72,124,37,475,3567,602,704,415,747,106,,
Brent,12832,3781,547,,995,143,51,108,135,50,562,3188,636,827,710,956,143,,
Brent,12400,5778,765,,1571,116,100,158,153,78,345,866,189,149,626,1309,197,,
Brent,13175,3192,751,,609,155,46,72,110,48,407,4921,596,880,672,575,141,,
Brent,15943,3290,963,,1011,143,160,377,188,73,429,1109,400,506,3177,3524,593,,
Brent,12307,3018,607,,765,117,66,95,115,82,316,3211,673,1154,834,1108,146,,
Brent,11836,2169,678,,765,82,58,114,98,61,315,3236,693,597,844,1952,174,,
Brent,12405,3724,1088,,937,89,89,121,110,35,366,2268,412,618,1074,1322,152,,
Brent,11002,1475,338,,529,90,47,78,100,79,189,4361,665,934,750,1220,147,,
Brent,12714,3922,1153,,1984,90,95,123,197,43,448,1276,523,400,974,1300,186,,
Bromley,13904,11827,237,,641,91,18,35,53,29,228,384,33,121,82,122,3,,
Bromley,10131,9562,74,,168,35,4,37,15,19,30,79,20,9,20,59,0,,
Bromley,14171,12656,208,,410,54,12,93,43,46,113,139,30,61,102,183,21,,
Bromley,14499,11991,297,,809,130,29,103,82,50,225,298,45,120,138,146,36,,
Bromley,14069,12908,153,,275,71,11,32,45,22,162,216,20,39,53,59,3,,
Bromley,14739,12783,174,,609,68,36,55,59,56,223,328,119,75,66,78,10,,
Bromley,15757,12643,342,,576,128,40,167,102,59,145,235,52,103,319,754,92,,
Bromley,14229,11722,304,,883,112,37,62,94,29,212,317,42,78,135,177,25,,
Bromley,14663,13458,142,,319,58,18,97,35,16,121,95,24,23,122,111,24,,
Bromley,16121,14815,152,,328,60,27,85,49,16,181,131,16,42,122,84,13,,
Bromley,11233,7397,328,,709,93,90,303,113,78,176,169,35,84,668,841,149,,
Bromley,4708,4432,43,,83,10,3,23,10,4,13,22,4,3,3,55,0,,
Bromley,14180,13011,148,,364,80,9,29,29,20,88,218,22,53,37,68,4,,
Bromley,14923,13718,202,,404,58,15,52,48,22,78,166,5,63,30,58,4,,
Bromley,14751,12740,249,,534,122,19,74,88,33,137,252,30,85,133,229,26,,
Bromley,10114,8962,135,,289,42,17,66,41,25,103,132,12,76,79,116,19,,
Bromley,15078,13708,201,,351,70,18,65,54,52,162,137,27,47,105,73,8,,
Bromley,16687,11843,448,,767,147,98,294,158,183,220,275,68,144,852,1075,115,,
Bromley,13627,12415,178,,374,71,10,31,46,11,146,189,13,54,47,39,3,,
Bromley,14374,12132,305,,663,80,26,89,74,45,167,256,32,109,181,179,36,,
Bromley,9303,7978,130,,453,56,15,36,52,15,148,218,18,92,44,44,4,,
Bromley,14276,12917,202,,387,80,26,59,46,38,108,202,24,54,36,87,10,,
Camden,11653,6334,437,,2443,132,62,46,166,213,629,313,70,107,550,122,29,,
Camden,9224,4444,291,,1618,95,46,31,109,676,746,451,107,136,360,81,33,,
Camden,11574,6432,790,,1537,76,64,123,156,702,324,217,86,75,657,265,70,,
Camden,10490,5999,501,,1364,108,74,126,191,681,361,138,34,77,546,226,64,,
Camden,10465,5773,605,,1850,129,51,84,143,258,309,283,71,137,507,220,45,,
Camden,11632,6101,261,,2987,121,40,54,161,119,657,394,61,185,323,119,49,,
Camden,10465,6165,512,,1314,107,64,136,129,443,339,194,34,102,693,184,49,,
Camden,10617,6321,328,,2374,108,26,59,153,129,418,200,35,93,266,83,24,,
Camden,11224,5982,544,,1373,91,67,147,131,857,420,182,56,129,861,301,83,,
Camden,10492,6996,501,,1294,130,58,127,126,161,218,141,12,62,454,168,44,,
Camden,10645,5329,373,,1568,76,62,59,110,1451,491,254,73,94,538,122,45,,
Camden,11462,6765,643,,1378,108,97,145,118,568,285,152,37,86,755,262,63,,
Camden,10494,4949,853,,1524,104,98,114,148,385,382,268,111,145,1000,334,79,,
Camden,11413,4246,345,,1921,134,87,60,147,1774,949,381,133,193,791,199,53,,
Camden,11964,5604,499,,1465,96,106,86,125,1789,551,239,86,147,909,212,50,,
Camden,12490,5557,645,,1312,96,100,108,158,1900,504,164,82,127,1365,311,61,,
Camden,11663,5933,385,,2446,152,54,57,152,224,838,386,103,145,566,180,42,,
Camden,10053,5460,636,,1589,120,68,92,145,239,349,217,59,118,654,246,61,,
Croydon,15402,9751,465,,892,194,63,221,163,85,329,839,284,307,608,1089,112,,
Croydon,13560,10286,344,,471,134,45,189,82,80,141,365,122,221,319,648,113,,
Croydon,16088,5174,339,,703,200,100,337,179,87,205,2401,895,740,1231,3141,356,,
Croydon,14866,6782,315,,611,133,82,246,166,122,223,1846,606,894,1032,1584,224,,
Croydon,12225,10664,209,,301,123,28,91,58,10,104,174,40,88,135,170,30,,
Croydon,13220,10484,256,,476,164,27,81,68,18,195,620,161,209,166,269,26,,
Croydon,14443,10694,340,,758,156,31,144,115,15,314,648,187,203,344,432,62,,
Croydon,14085,8523,335,,1096,172,64,138,144,63,428,1230,217,407,573,599,96,,
Croydon,11176,8435,150,,420,92,71,225,94,49,137,140,76,58,681,445,103,,
Croydon,13053,10670,212,,401,109,45,83,90,46,138,473,116,120,248,261,41,,
Croydon,13525,10998,262,,548,136,45,124,84,21,177,495,52,162,149,251,21,,
Croydon,10351,8785,125,,264,61,39,147,48,17,69,111,47,36,292,267,43,,
Croydon,13812,5902,388,,842,176,71,221,146,133,239,1808,780,457,687,1750,212,,
Croydon,12998,9586,336,,567,157,32,126,112,62,277,676,183,244,255,322,63,,
Croydon,12165,10370,148,,340,88,18,94,50,21,193,425,48,102,60,193,15,,
Croydon,14591,6729,389,,618,157,104,333,132,111,235,1099,551,346,1341,2177,269,,
Croydon,11879,10008,179,,333,88,10,48,54,16,167,477,75,163,111,136,14,,
Croydon,13978,10767,240,,485,142,39,147,71,80,174,576,136,192,428,442,59,,
Croydon,14590,8221,395,,851,192,88,294,129,56,170,444,457,210,991,1855,237,,
Croydon,14784,6450,411,,599,142,101,351,169,102,150,780,482,301,1367,3039,340,,
Croydon,14190,7597,405,,844,137,82,254,134,132,243,1215,390,214,776,1550,217,,
Croydon,13393,9460,267,,592,151,44,175,102,129,208,547,199,219,531,650,119,,
Croydon,16498,5127,248,,633,156,58,289,154,230,220,3246,1048,872,1291,2611,315,,
Croydon,15715,9110,372,,597,220,65,363,199,80,154,611,277,175,1011,2184,297,,
Ealing,13442,6338,795,,1911,190,79,144,172,62,856,760,322,400,557,764,92,,
Ealing,14179,7751,726,,1646,236,90,190,170,39,558,831,221,393,684,539,105,,
Ealing,13073,2615,368,,397,141,57,107,98,74,371,5306,1089,771,874,722,83,,
Ealing,12634,7503,577,,1970,167,75,65,111,8,599,691,157,259,187,234,31,,
Ealing,12804,7575,599,,1844,178,37,114,124,27,639,674,213,173,253,271,83,,
Ealing,14448,5744,735,,2359,202,86,210,217,34,949,944,442,589,810,982,145,,
Ealing,12328,7195,1038,,919,136,65,170,108,18,312,724,330,207,388,614,104,,
Ealing,13297,6633,782,,642,140,58,206,107,48,452,1765,489,452,565,854,104,,
Ealing,12466,6094,718,,809,169,47,138,138,56,493,1693,332,627,353,727,72,,
Ealing,14010,6690,571,,2199,194,52,55,178,39,1742,1079,294,424,220,224,49,,
Ealing,13068,7334,958,,1100,175,81,189,146,30,386,779,268,348,462,715,97,,
Ealing,12806,2252,356,,335,107,29,95,50,28,221,6387,930,849,358,728,81,,
Ealing,12477,7909,822,,1536,128,20,93,129,28,405,554,102,245,192,285,29,,
Ealing,13089,5236,644,,703,179,44,130,128,58,563,2762,661,761,340,778,102,,
Ealing,12888,7483,577,,664,181,37,175,120,78,425,1071,280,497,553,658,89,,
Ealing,13420,7819,523,,543,175,83,237,125,45,461,1025,401,352,676,831,124,,
Ealing,12647,3371,368,,440,122,68,147,87,79,438,4540,916,625,815,550,81,,
Ealing,13441,4971,681,,1333,161,60,128,159,67,730,2338,565,1051,315,790,92,,
Ealing,13318,6107,722,,2071,152,87,152,171,56,815,658,227,389,933,647,131,,
Ealing,13049,1139,137,,276,112,48,44,61,93,407,7070,1456,1232,572,366,36,,
Ealing,12895,1597,164,,335,125,45,58,52,59,461,6980,1168,778,562,469,42,,
Ealing,12481,8056,622,,1788,115,73,86,126,20,352,339,150,137,198,376,43,,
Ealing,12688,7727,802,,1497,144,32,89,99,31,385,764,258,210,208,383,59,,
Enfield,11678,5317,483,,2239,103,49,103,118,197,314,1189,134,293,481,572,86,,
Enfield,13346,9504,405,,1464,85,22,90,92,75,134,475,85,207,201,444,63,,
Enfield,12531,10112,305,,757,74,37,88,83,75,119,161,18,124,293,253,32,,
Enfield,12536,8441,261,,1711,95,32,41,78,130,310,668,125,249,237,124,34,,
Enfield,15103,6405,303,,2097,153,108,221,140,446,341,564,109,461,1803,1687,265,,
Enfield,14137,9328,337,,1747,92,39,155,88,167,146,273,44,218,607,751,145,,
Enfield,12714,8827,309,,1271,68,68,159,96,107,154,188,54,109,571,634,99,,
Enfield,11605,8863,457,,1161,74,19,26,63,26,107,349,29,113,107,201,10,,
Enfield,14485,6523,345,,2185,142,74,237,186,269,319,724,121,447,1056,1634,223,,
Enfield,12305,9431,376,,1011,116,23,49,89,65,180,373,72,174,169,151,26,,
Enfield,13052,6922,380,,1895,107,54,121,134,113,226,545,58,319,750,1263,165,,
Enfield,12686,5526,504,,1741,129,59,210,159,160,216,538,70,473,1062,1622,217,,
Enfield,13197,6779,538,,2894,140,59,118,105,112,178,853,138,263,354,585,81,,
Enfield,12978,6628,415,,1769,119,76,131,94,791,259,416,129,216,779,1006,150,,
Enfield,12466,8767,360,,1225,151,39,123,106,112,195,296,53,149,443,381,66,,
Enfield,12103,7658,404,,1707,121,40,83,88,99,428,612,85,275,262,211,30,,
Enfield,12897,7293,535,,2076,121,58,73,82,194,340,1037,118,240,369,310,51,,
Enfield,13928,11532,491,,806,75,28,95,70,20,131,221,17,71,136,211,24,,
Enfield,12744,9341,304,,1254,76,38,137,93,90,111,168,58,104,498,411,61,,
Enfield,14843,6039,379,,2353,119,85,217,158,224,334,772,114,465,1479,1839,266,,
Enfield,12225,8158,507,,1794,118,61,72,77,52,134,465,86,151,227,300,23,,
Greenwich,13372,9971,221,,414,66,59,110,68,47,142,511,54,151,1035,426,97,,
Greenwich,11981,9109,321,,907,104,26,93,84,35,211,295,84,63,378,227,44,,
Greenwich,12608,8441,393,,648,110,67,176,104,78,317,491,124,104,1032,399,124,,
Greenwich,12425,10742,201,,426,32,26,70,54,31,130,204,41,51,157,221,39,,
Greenwich,12303,10771,322,,364,63,22,49,40,12,129,196,28,49,110,127,21,,
Greenwich,11629,9858,226,,503,53,18,51,45,43,144,235,51,66,219,87,30,,
Greenwich,13438,10257,240,,438,62,52,136,60,20,443,143,32,45,1100,279,131,,
Greenwich,13879,7814,334,,453,121,85,196,110,148,299,1460,310,188,1463,721,177,,
Greenwich,11228,7175,298,,899,83,74,158,111,47,333,330,46,90,937,518,129,,
Greenwich,12098,9237,314,,512,68,38,105,61,39,265,408,76,84,531,307,53,,
Greenwich,12832,10499,281,,557,67,37,117,69,22,206,192,45,121,215,333,71,,
Greenwich,10155,6849,302,,728,67,38,107,78,142,225,512,76,88,478,349,116,,
Greenwich,14112,8489,305,,393,105,78,173,90,126,179,1651,376,300,1000,708,139,,
Greenwich,12854,9509,326,,387,94,56,145,69,42,157,683,184,120,569,435,78,,
Greenwich,11755,7264,192,,441,55,67,126,104,111,403,420,42,72,1909,451,98,,
Greenwich,14967,7885,294,,604,104,125,187,114,133,738,1380,223,251,2119,630,180,,
Greenwich,12767,7421,292,,508,74,74,204,126,149,594,286,110,172,2050,537,170,,
Hackney,11331,5064,401,,1724,93,76,123,137,279,434,365,121,113,1272,935,194,,
Hackney,10500,4397,266,,1370,81,58,127,129,381,294,1092,150,100,1072,788,195,,
Hackney,10728,4192,319,,1170,72,110,200,116,359,392,317,121,74,1666,1349,271,,
Hackney,10438,5409,381,,1316,100,71,119,142,258,204,319,103,67,701,1008,240,,
Hackney,10358,4182,327,,1319,93,58,134,115,291,376,277,101,77,1251,1459,298,,
Hackney,9928,4901,295,,1139,69,79,104,93,226,338,162,44,66,1523,697,192,,
Hackney,10291,3935,330,,1128,70,97,196,119,318,346,335,154,84,1460,1372,347,,
Hackney,10276,3895,312,,1060,94,96,145,129,343,229,705,185,81,1215,1506,281,,
Hackney,10366,4273,218,,1265,71,115,162,122,449,416,177,65,47,1776,950,260,,
Hackney,10698,5135,357,,1290,72,99,128,118,220,393,164,39,98,1726,666,193,,
Hackney,10964,3829,303,,1126,70,110,253,96,291,285,373,132,93,1904,1655,444,,
Hackney,9857,3775,269,,884,97,97,163,130,402,182,1074,259,122,942,1222,239,,
Hackney,11299,6135,328,,1830,100,54,142,117,205,338,296,72,88,655,791,148,,
Hackney,11504,5108,330,,2043,94,97,120,102,274,443,383,80,120,1261,890,159,,
Hackney,10179,4497,336,,1121,68,99,227,111,306,392,163,50,38,1211,1252,308,,
Hackney,10859,4981,235,,1589,81,57,170,112,287,318,511,109,104,1080,1015,210,,
Hackney,10133,4446,359,,1226,115,60,167,114,331,265,499,233,125,831,1136,226,,
Hackney,12066,6059,404,,1136,78,85,202,139,484,365,248,76,70,1341,1085,294,,
Hackney,11049,5277,347,,1125,58,81,193,110,266,422,164,71,88,1403,1103,341,,
Hammersmith and Fulham,11185,6292,586,,1808,121,71,123,96,37,300,210,126,118,564,628,105,,
Hammersmith and Fulham,11886,6495,757,,1507,111,82,184,120,116,309,212,125,132,621,943,172,,
Hammersmith and Fulham,11522,6012,533,,2306,169,40,72,151,26,531,292,136,302,465,391,96,,
Hammersmith and Fulham,7643,3783,480,,754,55,75,122,91,30,340,185,120,129,531,818,130,,
Hammersmith and Fulham,10189,6062,409,,1516,83,68,127,108,87,323,165,160,119,449,394,119,,
Hammersmith and Fulham,10197,6066,503,,1464,93,47,107,112,36,313,212,89,100,422,528,105,,
Hammersmith and Fulham,11560,6548,649,,1723,138,80,164,137,79,284,144,147,122,530,638,177,,
Hammersmith and Fulham,9884,6606,471,,1484,68,44,75,60,16,150,130,47,72,265,326,70,,
Hammersmith and Fulham,10904,6173,490,,1758,108,77,138,114,76,345,201,100,112,556,533,123,,
Hammersmith and Fulham,7333,5135,299,,1150,80,17,41,55,3,112,86,29,53,117,138,18,,
Hammersmith and Fulham,10280,6910,350,,1920,103,39,79,60,48,170,83,43,63,185,199,28,,
Hammersmith and Fulham,10791,6741,444,,1514,113,78,109,116,45,267,160,95,138,502,387,82,,
Hammersmith and Fulham,9723,6054,355,,1358,71,68,150,93,70,272,118,68,60,463,423,100,,
Hammersmith and Fulham,10249,5151,629,,1441,114,94,169,128,65,258,210,235,134,634,794,193,,
Hammersmith and Fulham,9899,6227,388,,1741,53,49,117,72,65,261,124,36,79,335,307,45,,
Hammersmith and Fulham,11997,5654,640,,1266,129,104,231,137,212,375,201,155,145,1433,1087,228,,
Haringey,10475,6834,457,,1491,146,41,91,133,30,176,249,31,78,319,371,28,,
Haringey,10905,4860,554,,1878,139,86,172,121,183,286,518,91,200,881,783,153,,
Haringey,11997,3647,480,,1655,106,107,229,207,192,391,346,177,216,1664,2293,287,,
Haringey,10762,7189,498,,1507,123,45,94,115,50,205,179,54,90,281,281,51,,
Haringey,11235,7549,402,,1540,120,41,93,119,26,396,267,78,75,254,248,27,,
Haringey,10525,4659,494,,2264,106,73,115,112,204,321,385,158,175,754,623,82,,
Haringey,10310,6895,377,,1534,136,40,72,104,11,244,177,55,94,280,238,53,,
Haringey,10075,5658,568,,1206,121,85,163,100,133,177,305,58,134,543,728,96,,
Haringey,9975,7028,347,,1282,131,53,94,103,19,167,181,43,59,214,212,42,,
Haringey,11472,4331,541,,2147,118,94,187,112,304,393,478,178,226,991,1188,184,,
Haringey,12606,3639,467,,1879,127,100,269,174,128,384,283,133,249,2186,2274,314,,
Haringey,12603,4404,535,,2577,111,97,172,150,322,433,502,192,257,1254,1450,147,,
Haringey,13179,4749,540,,2282,107,88,241,212,290,454,378,119,206,1515,1735,263,,
Haringey,10324,5866,624,,1306,126,78,176,137,70,187,183,49,99,548,773,102,,
Haringey,11966,3553,447,,1938,130,94,211,164,281,560,280,127,245,1813,1898,225,,
Haringey,12728,3887,427,,1892,145,120,250,176,102,605,235,170,293,2013,2106,307,,
Haringey,11884,3822,495,,2484,109,107,159,148,253,520,447,117,222,1750,1082,169,,
Haringey,11985,4904,494,,1753,88,106,252,245,154,344,244,97,188,1428,1437,251,,
Haringey,11501,4554,555,,2137,140,96,165,129,209,433,534,119,242,1191,850,147,,
Harrow,9506,5185,378,,386,71,13,26,72,28,212,2228,122,461,165,133,26,,
Harrow,10091,6370,205,,644,80,28,28,60,42,345,1582,102,256,211,117,21,,
Harrow,9832,2999,514,,435,72,37,40,95,87,399,3433,284,631,502,259,45,,
Harrow,9324,4363,459,,631,112,68,89,105,24,347,1675,324,409,328,348,42,,
Harrow,10632,5262,490,,662,121,47,74,119,56,378,1807,249,650,309,370,38,,
Harrow,10345,6503,687,,342,119,18,80,77,16,176,1269,157,284,233,331,53,,
Harrow,10098,6702,324,,449,79,23,59,57,8,177,1577,128,200,163,137,15,,
Harrow,9522,5519,356,,361,93,8,45,75,35,298,1797,176,444,128,163,24,,
Harrow,9366,4595,453,,488,143,18,72,76,22,208,1924,251,494,241,349,32,,
Harrow,9888,2837,406,,279,72,15,52,95,30,156,4488,176,610,256,355,61,,
Harrow,10277,3459,402,,321,104,38,56,90,39,185,4152,289,453,200,418,71,,
Harrow,9207,4059,690,,413,95,37,78,88,35,215,1925,343,407,320,443,59,,
Harrow,9601,6652,302,,560,77,18,51,75,28,186,1045,115,187,166,104,35,,
Harrow,9555,6590,294,,507,78,17,39,55,27,228,1043,97,403,95,67,15,,
Harrow,10055,2945,413,,318,67,25,54,82,63,268,4081,246,831,348,275,39,,
Harrow,10038,4743,314,,396,137,36,72,94,65,290,2283,224,858,237,248,41,,
Harrow,10947,4898,427,,360,133,59,127,141,116,307,2023,208,891,646,542,69,,
Harrow,10538,4401,475,,525,140,39,107,137,71,336,2040,255,998,393,533,88,,
Harrow,9339,6278,261,,445,42,18,53,63,53,179,1274,101,208,165,167,32,,
Harrow,8963,4163,781,,321,59,36,81,69,61,264,1659,223,383,329,469,65,,
Harrow,9690,4684,426,,436,124,35,88,93,47,260,2005,247,676,221,288,60,,
Havering,13024,11387,308,,292,41,16,60,44,23,113,237,24,90,161,208,20,,
Havering,12242,11603,169,,158,36,12,19,11,7,50,80,9,24,26,31,7,,
Havering,12048,11068,179,,151,35,14,66,33,7,96,158,21,29,84,92,15,,
Havering,11396,9993,154,,202,55,6,27,19,12,120,518,79,60,94,50,7,,
Havering,13991,13106,155,,224,43,11,65,48,20,49,68,12,21,88,73,8,,
Havering,12494,11590,145,,262,56,12,32,21,11,98,122,29,24,28,58,6,,
Havering,12004,11015,215,,160,36,13,56,42,9,87,151,27,51,82,45,15,,
Havering,12366,11649,159,,171,40,11,42,14,0,40,67,18,25,50,71,9,,
Havering,11778,11005,150,,188,33,8,51,24,6,55,61,7,19,64,89,18,,
Havering,12380,11495,225,,166,38,10,31,21,16,50,154,15,20,69,62,8,,
Havering,12556,11641,189,,204,29,15,52,32,3,55,88,27,33,114,69,5,,
Havering,12832,11933,188,,194,48,14,32,29,17,49,133,11,31,64,86,3,,
Havering,12114,11024,144,,140,32,7,92,22,6,39,287,26,22,88,159,26,,
Havering,13200,11622,251,,374,48,26,75,51,22,131,221,50,95,102,118,14,,
Havering,12778,11948,190,,208,32,13,28,35,16,67,66,27,22,51,63,12,,
Havering,12592,11529,167,,203,32,27,65,26,17,70,91,29,26,128,163,19,,
Havering,11780,10800,158,,216,34,4,17,42,10,92,170,36,42,72,76,11,,
Havering,12674,11957,244,,153,37,7,17,26,14,41,84,10,25,12,41,6,,
Hillingdon,11728,5774,366,,277,101,35,87,64,75,215,3000,384,585,374,334,57,,
Hillingdon,12432,7643,456,,377,112,54,110,80,113,190,1826,352,396,402,281,40,,
Hillingdon,10631,8175,286,,390,90,36,64,85,93,180,586,154,142,214,113,23,,
Hillingdon,11239,9331,331,,323,78,21,42,57,13,184,520,69,104,46,106,14,,
Hillingdon,11429,8702,399,,265,90,25,82,77,32,74,751,173,235,231,237,56,,
Hillingdon,11480,9515,298,,498,63,14,42,52,25,154,541,72,51,78,69,8,,
Hillingdon,7091,6279,138,,259,29,15,29,19,0,64,139,10,37,30,40,3,,
Hillingdon,10217,6642,256,,548,87,46,47,75,39,297,1376,274,203,200,117,10,,
Hillingdon,11878,9493,400,,281,90,22,75,69,57,221,686,100,158,93,109,24,,
Hillingdon,9933,8404,226,,299,61,6,20,45,9,176,496,37,89,31,25,9,,
Hillingdon,10902,9100,401,,288,89,26,45,67,41,158,366,35,95,67,116,8,,
Hillingdon,10559,7293,216,,792,98,19,37,95,39,292,1129,130,233,113,55,18,,
Hillingdon,10833,8015,244,,564,87,23,73,61,42,241,992,113,192,86,93,7,,
Hillingdon,12346,6327,343,,339,130,50,87,63,62,193,3227,425,403,411,266,20,,
Hillingdon,10823,8498,382,,361,82,31,74,70,26,178,558,104,124,129,181,25,,
Hillingdon,11626,6861,410,,361,128,46,88,80,105,191,1811,410,346,494,263,32,,
Hillingdon,11671,9262,314,,411,98,20,63,64,113,189,711,79,124,112,91,20,,
Hillingdon,11438,8197,271,,663,95,30,71,76,256,290,698,208,162,272,132,17,,
Hillingdon,11589,9278,321,,338,82,40,58,61,80,134,652,136,130,144,118,17,,
Hillingdon,10183,8310,283,,550,69,35,46,66,14,156,369,30,94,80,45,36,,
Hillingdon,11923,6372,320,,419,145,70,120,112,75,333,2216,363,518,439,372,49,,
Hillingdon,11056,8773,250,,362,79,30,67,46,150,134,584,158,118,181,112,12,,
Hounslow,10104,7742,200,,276,73,20,65,64,17,159,856,224,107,188,86,27,,
Hounslow,10745,6866,550,,885,104,60,129,106,70,356,479,181,152,481,264,62,,
Hounslow,10290,6991,439,,1499,107,45,60,97,14,281,226,71,87,195,147,31,,
Hounslow,10935,7373,388,,1441,149,37,60,146,52,351,284,140,130,231,134,19,,
Hounslow,10936,3400,186,,507,153,50,48,61,54,367,3956,1031,437,522,126,38,,
Hounslow,9570,7225,211,,341,79,35,56,62,26,181,721,224,145,140,103,21,,
Hounslow,11530,9290,242,,330,123,36,84,82,15,233,365,165,150,254,135,26,,
Hounslow,10995,8553,201,,404,81,32,86,75,76,313,488,144,142,233,128,39,,
Hounslow,10396,8342,212,,354,83,36,71,45,43,182,510,173,87,136,101,21,,
Hounslow,10998,3268,268,,453,175,66,48,86,62,375,4097,1095,508,301,155,41,,
Hounslow,10781,3044,279,,498,137,53,45,114,57,328,4505,813,454,305,116,33,,
Hounslow,11332,3733,224,,398,141,48,70,104,76,346,3929,1091,512,483,137,40,,
Hounslow,10791,3969,269,,707,150,29,61,102,112,543,3225,706,447,302,141,28,,
Hounslow,11115,3615,252,,587,135,42,79,102,75,429,3589,1084,506,420,171,29,,
Hounslow,10369,6228,384,,410,138,23,55,78,36,267,1852,254,331,155,135,23,,
Hounslow,10356,3107,223,,478,126,33,56,82,66,363,4054,809,512,275,138,34,,
Hounslow,10745,7092,364,,642,97,72,99,124,91,365,650,269,187,469,159,65,,
Hounslow,10452,5457,404,,703,158,26,43,90,81,329,2245,392,276,135,92,21,,
Hounslow,9717,6633,431,,564,97,61,102,84,73,249,497,178,171,333,194,50,,
Hounslow,10184,6493,471,,1658,101,39,65,111,29,376,284,83,105,165,164,40,,
Islington,10274,6342,436,,1276,71,67,101,98,335,361,140,52,73,456,366,100,,
Islington,10055,5991,421,,1240,78,64,112,121,290,370,194,59,93,701,240,81,,
Islington,11566,6416,589,,1299,60,59,122,146,558,592,160,55,80,753,585,92,,
Islington,9899,6437,490,,1057,62,59,128,102,85,213,81,11,74,625,377,98,,
Islington,9773,5906,408,,1386,93,57,86,90,205,394,189,59,83,508,256,53,,
Islington,12448,5492,789,,1958,153,104,187,152,358,523,262,124,135,1117,933,161,,
Islington,10278,6444,530,,1307,101,72,82,118,168,216,169,51,96,399,420,105,,
Islington,11681,6233,677,,1531,102,86,133,158,474,427,184,115,126,652,644,139,,
Islington,11382,6087,857,,1473,71,104,275,171,183,251,200,53,109,667,734,147,,
Islington,11214,6148,689,,1541,89,76,150,142,189,477,204,59,101,714,522,113,,
Islington,10816,6056,995,,1311,111,87,147,101,114,350,201,65,80,600,514,84,,
Islington,11339,6338,494,,1477,105,79,222,179,290,272,139,36,89,848,621,150,,
Islington,11178,6392,778,,1452,129,72,135,121,157,336,135,28,98,625,588,132,,
Islington,10499,6505,476,,1295,96,53,129,135,246,294,164,42,116,466,374,108,,
Islington,10933,7006,515,,1345,77,70,94,98,182,330,177,35,45,517,374,68,,
Islington,12462,5991,913,,1675,145,132,226,189,395,353,252,68,94,852,1002,175,,
Kensington and Chelsea,9053,4161,254,,2634,142,40,25,152,51,580,199,102,176,306,206,25,,
Kensington and Chelsea,9313,4449,225,,3248,106,31,23,113,32,527,164,98,109,120,53,15,,
Kensington and Chelsea,8173,4145,198,,2601,89,30,22,97,7,421,217,56,113,114,46,17,,
Kensington and Chelsea,7909,3889,375,,1276,105,94,165,139,70,355,116,31,124,432,611,127,,
Kensington and Chelsea,9578,4240,191,,3457,109,29,33,121,31,612,326,87,88,173,60,21,,
Kensington and Chelsea,9290,5015,356,,1735,123,74,89,172,173,486,139,63,172,475,166,52,,
Kensington and Chelsea,9659,4213,358,,2696,178,81,53,175,68,750,263,160,175,318,134,37,,
Kensington and Chelsea,8849,3299,397,,1261,83,185,177,161,217,622,102,107,134,1045,846,213,,
Kensington and Chelsea,9335,4982,270,,2648,96,44,33,105,49,505,199,84,109,125,59,27,,
Kensington and Chelsea,9372,4345,209,,2799,129,38,31,141,43,542,313,74,204,340,117,47,,
Kensington and Chelsea,8778,5496,326,,1382,89,47,83,111,42,276,105,36,73,362,289,61,,
Kensington and Chelsea,9000,4191,383,,1283,100,90,156,175,136,585,142,45,168,744,663,139,,
Kensington and Chelsea,8116,4341,223,,2130,82,53,57,136,32,360,162,24,91,265,133,27,,
Kensington and Chelsea,9668,3978,237,,3598,133,34,22,126,38,799,324,93,149,104,28,5,,
Kensington and Chelsea,8625,4795,235,,2437,68,47,41,104,23,324,183,50,74,160,65,19,,
Kensington and Chelsea,7662,4742,262,,1875,71,20,30,67,24,272,83,30,37,92,42,15,,
Kensington and Chelsea,9010,4778,446,,1097,83,109,227,140,95,426,104,46,101,726,520,112,,
Kensington and Chelsea,7529,4535,238,,1990,77,11,23,60,17,230,85,17,63,112,63,8,,
Kingston upon Thames,9045,6940,209,,368,81,15,47,70,21,313,320,129,413,48,59,12,,
Kingston upon Thames,9278,7401,197,,612,88,29,22,69,8,265,316,47,97,73,45,9,,
Kingston upon Thames,9488,6933,227,,515,130,33,36,45,23,644,297,132,311,96,59,7,,
Kingston upon Thames,9604,7467,214,,816,87,49,49,70,20,245,262,88,131,62,41,3,,
Kingston upon Thames,8720,7731,141,,221,57,19,34,29,20,127,101,45,109,52,34,0,,
Kingston upon Thames,9488,8463,153,,248,55,14,27,35,22,179,85,24,81,60,39,3,,
Kingston upon Thames,10318,6156,208,,1396,150,37,54,103,45,732,573,231,367,169,81,16,,
Kingston upon Thames,9271,6507,215,,606,79,20,31,128,26,497,512,147,359,92,41,11,,
Kingston upon Thames,7864,6092,213,,696,73,31,31,45,24,208,213,56,90,39,47,6,,
Kingston upon Thames,8844,6380,232,,522,68,32,63,66,67,407,347,155,236,175,72,22,,
Kingston upon Thames,9012,6908,163,,316,85,17,23,31,23,400,370,252,320,68,33,3,,
Kingston upon Thames,8571,5881,179,,352,97,8,24,44,16,538,436,224,657,68,44,3,,
Kingston upon Thames,9644,6878,235,,956,92,33,34,67,19,351,496,149,122,156,51,5,,
Kingston upon Thames,10191,8014,198,,717,86,20,31,58,11,294,353,76,170,122,32,9,,
Kingston upon Thames,9531,7451,213,,352,77,21,48,48,20,291,437,109,300,87,60,17,,
Kingston upon Thames,8403,6608,204,,688,93,14,37,68,19,258,204,52,81,39,34,4,,
Lambeth,9194,4737,299,,1003,69,58,131,103,117,448,236,51,82,1050,693,117,,
Lambeth,12458,6394,446,,1180,118,98,321,158,58,159,146,56,88,1212,1715,309,,
Lambeth,12270,7735,422,,1277,118,78,126,98,155,218,175,92,81,748,826,121,,
Lambeth,13332,7630,500,,1344,104,85,227,149,82,281,138,42,102,1175,1245,228,,
Lambeth,14376,4757,392,,1158,81,169,366,195,214,374,171,74,62,2792,3029,542,,
Lambeth,12898,5627,379,,1546,82,103,262,154,87,405,130,83,96,1692,1945,307,,
Lambeth,13601,7416,480,,881,94,94,419,145,56,204,249,80,66,1116,1965,336,,
Lambeth,11805,6243,330,,1078,113,98,259,130,74,292,164,58,72,1062,1568,264,,
Lambeth,13687,6978,501,,1129,98,141,393,200,56,225,344,126,130,1204,1850,312,,
Lambeth,13906,6034,453,,1474,125,121,254,174,149,499,132,80,111,2269,1714,317,,
Lambeth,11983,6064,465,,1682,80,125,157,152,116,364,105,29,64,1476,924,180,,
Lambeth,11636,5784,419,,1047,59,82,189,121,123,301,116,15,64,2019,1085,212,,
Lambeth,12215,6692,394,,1178,138,101,175,154,54,217,524,405,188,810,1032,153,,
Lambeth,13416,5684,383,,1608,79,124,223,174,90,447,124,41,70,2677,1370,322,,
Lambeth,13359,7248,444,,1341,130,88,297,172,104,280,205,212,72,1119,1400,247,,
Lambeth,13449,5829,407,,824,137,87,270,158,102,299,1259,523,278,1203,1822,251,,
Lambeth,12746,6632,409,,1087,131,115,268,168,108,390,470,249,113,1077,1346,183,,
Lambeth,12589,6654,433,,1150,85,86,195,146,120,230,225,201,74,1463,1311,216,,
Lambeth,10958,6965,331,,870,86,63,184,151,53,253,177,53,90,599,906,177,,
Lambeth,13119,5711,408,,1390,101,106,305,194,104,276,152,81,80,1748,2098,365,,
Lambeth,13172,5125,394,,1183,72,137,301,177,147,377,74,83,62,2325,2295,420,,
Lewisham,13642,8420,296,,605,56,87,305,108,19,244,153,44,203,1225,1602,275,,
Lewisham,13135,8789,326,,969,112,84,185,124,60,286,222,30,132,696,920,200,,
Lewisham,13697,6685,434,,1100,77,107,261,149,148,476,131,86,120,1612,1934,377,,
Lewisham,14031,7830,412,,749,78,78,325,112,17,217,207,58,309,682,2632,325,,
Lewisham,13904,7805,471,,946,101,82,278,159,39,232,238,115,156,924,2013,345,,
Lewisham,14311,10748,526,,482,53,55,244,105,48,141,106,44,162,565,875,157,,
Lewisham,14512,5359,351,,846,76,124,258,153,127,1338,120,63,158,3646,1506,387,,
Lewisham,14039,8446,395,,1056,112,87,284,163,43,354,223,60,126,1152,1345,193,,
Lewisham,14010,10493,302,,546,90,55,193,130,71,183,342,43,151,469,812,130,,
Lewisham,12430,6600,385,,984,92,97,232,140,63,240,177,63,285,973,1864,235,,
Lewisham,12057,8278,426,,657,118,51,162,99,100,215,204,24,233,468,876,146,,
Lewisham,13190,6895,396,,870,112,89,255,147,107,304,257,75,250,1068,2026,339,,
Lewisham,15093,5678,313,,1152,68,137,334,167,118,1179,156,97,183,2930,2154,427,,
Lewisham,14513,8460,461,,860,90,93,276,134,81,245,228,51,183,1086,1990,275,,
Lewisham,13215,6057,378,,886,97,106,310,151,33,262,174,65,355,1256,2685,400,,
Lewisham,15353,9455,402,,923,93,101,318,156,49,234,293,71,238,993,1746,281,,
Lewisham,14426,6830,437,,1110,80,123,316,162,76,371,130,55,89,1922,2280,445,,
Lewisham,13364,8986,279,,553,60,43,224,116,30,194,126,46,311,904,1283,209,,
Merton,9526,6060,340,,1054,100,36,65,69,121,336,409,238,283,219,172,24,,
Merton,9286,6859,308,,590,74,20,36,63,87,228,385,120,228,112,142,34,,
Merton,9293,5221,310,,698,115,44,120,114,179,278,399,267,527,376,556,89,,
Merton,10369,6278,253,,498,91,65,158,107,113,252,343,205,416,845,604,141,,
Merton,9018,6220,362,,1036,108,23,53,85,51,294,339,129,141,73,87,17,,
Merton,9896,5255,271,,466,88,65,150,81,140,261,428,255,610,884,815,127,,
Merton,9384,3608,299,,519,93,32,128,76,125,279,858,553,1009,538,1136,131,,
Merton,9074,5767,303,,1525,130,10,20,88,34,478,303,189,97,66,50,14,,
Merton,9607,5590,272,,590,105,55,135,113,158,477,381,157,448,515,487,124,,
Merton,9629,4840,211,,450,97,69,130,124,41,150,887,385,355,655,1082,153,,
Merton,8561,6949,235,,282,67,21,80,49,12,148,199,97,158,90,158,16,,
Merton,9144,6202,242,,750,130,11,26,63,117,275,584,284,252,104,88,16,,
Merton,9914,5968,212,,379,83,89,170,73,49,174,418,154,278,944,763,160,,
Merton,9270,6511,297,,388,86,40,80,69,57,222,314,236,354,330,243,43,,
Merton,9395,6666,291,,1037,92,25,38,54,40,330,304,173,153,84,96,12,,
Merton,9155,7097,250,,329,60,21,89,58,154,194,171,140,243,164,161,24,,
Merton,8835,6103,265,,1020,88,26,55,75,51,230,291,171,179,114,133,34,,
Merton,8914,5979,171,,1459,105,23,21,66,4,412,306,150,115,44,50,9,,
Merton,9559,6602,297,,616,90,29,43,81,64,424,346,252,501,101,86,27,,
Merton,10079,6603,275,,1355,116,30,33,79,105,281,378,349,211,180,67,17,,
Newham,13112,5595,179,,692,97,112,209,96,1039,621,675,842,233,1753,805,164,,
Newham,12289,4313,149,,456,108,40,122,67,995,416,1631,1405,370,1277,821,119,,
Newham,12061,5979,137,,479,67,114,181,109,477,485,247,272,94,2328,941,151,,
Newham,11278,6347,146,,390,39,93,138,68,304,303,141,195,80,2253,637,144,,
Newham,11875,6267,155,,485,53,102,153,118,311,549,290,152,109,2339,648,144,,
Newham,12162,3190,142,,508,76,73,97,59,783,355,2265,2032,1011,938,551,82,,
Newham,11381,1439,105,,267,76,47,39,69,1375,146,3642,2051,797,717,539,72,,
Newham,12465,6392,177,,552,75,78,191,106,540,309,741,576,240,1499,860,129,,
Newham,12634,4567,268,,623,108,94,261,170,928,307,823,717,222,1752,1582,212,,
Newham,13929,3925,250,,835,123,77,203,134,1740,372,1816,1075,260,1777,1200,142,,
Newham,13212,1461,105,,485,76,60,91,65,2032,203,3970,2160,481,1108,836,79,,
Newham,12860,1531,111,,432,100,58,68,75,2098,198,3731,2286,316,1070,705,81,,
Newham,13329,3180,164,,559,94,104,157,105,2142,218,1540,1198,530,1870,1276,192,,
Newham,12103,2783,168,,467,85,86,132,103,1840,196,2153,1420,420,1115,975,160,,
Newham,13236,4114,160,,543,103,118,207,128,1410,578,1231,1006,291,2039,1143,165,,
Newham,11832,5297,154,,562,93,80,157,87,637,743,567,655,238,1504,928,130,,
Newham,6186,3321,97,,370,22,65,84,64,152,127,148,83,39,1279,263,72,,
Newham,12378,4728,210,,645,64,102,193,122,855,398,681,434,209,2237,1278,222,,
Newham,12932,3149,139,,502,102,60,105,92,1008,410,2519,1535,1470,1113,641,87,,
Newham,12637,4812,215,,657,91,94,198,116,792,624,786,550,193,2014,1302,193,,
Redbridge,11611,7232,212,,451,93,44,100,44,147,146,1402,321,628,388,349,54,,
Redbridge,11303,6482,156,,515,93,36,59,88,335,217,1829,438,471,236,305,43,,
Redbridge,11211,8925,283,,384,44,38,102,63,53,247,284,155,111,207,287,28,,
Redbridge,11030,8088,313,,205,78,18,101,58,78,85,732,186,145,389,484,70,,
Redbridge,9997,7712,242,,553,77,25,59,54,61,195,444,164,128,125,151,7,,
Redbridge,11855,6517,117,,358,69,35,43,59,314,182,2370,731,597,153,290,20,,
Redbridge,11286,2558,233,,428,109,66,102,60,450,145,2892,2142,618,785,629,69,,
Redbridge,11858,4427,270,,500,95,26,84,73,226,130,2958,1606,395,344,653,71,,
Redbridge,10420,8310,151,,299,75,19,77,57,49,167,508,135,144,201,192,36,,
Redbridge,11269,8288,149,,401,59,15,84,62,100,165,843,278,260,220,291,54,,
Redbridge,10994,4278,375,,346,85,41,79,55,230,179,2879,903,312,442,703,87,,
Redbridge,11367,9651,170,,251,73,22,106,52,14,61,253,128,82,267,192,45,,
Redbridge,13585,3218,264,,482,85,50,167,122,656,251,2473,2521,891,1134,1120,151,,
Redbridge,11226,5475,339,,365,81,50,54,73,200,126,2297,858,335,340,567,66,,
Redbridge,9866,8170,203,,415,76,8,38,35,48,140,399,63,81,79,105,6,,
Redbridge,13074,4967,292,,498,125,57,136,83,263,215,3040,1001,856,672,778,91,,
Redbridge,10770,7726,289,,541,75,29,117,55,158,196,413,270,117,434,296,54,,
Redbridge,11910,4674,418,,326,128,58,116,55,195,159,3121,1008,375,453,762,62,,
Redbridge,10854,8008,349,,566,81,24,70,55,113,157,668,317,110,146,155,35,,
Redbridge,11643,3921,317,,537,141,53,100,87,421,191,2863,1352,436,624,534,66,,
Redbridge,11506,8470,417,,510,111,28,90,62,113,128,636,311,115,188,283,44,,
Richmond upon Thames,9823,6964,249,,1622,99,32,38,77,26,277,232,30,81,67,17,12,,
Richmond upon Thames,9744,7649,197,,1198,62,32,33,68,25,176,166,27,64,26,16,5,,
Richmond upon Thames,9448,7932,288,,517,104,30,39,53,47,106,168,40,40,44,27,13,,
Richmond upon Thames,9678,7287,192,,1219,93,44,37,88,25,244,201,25,89,75,45,14,,
Richmond upon Thames,9431,8118,216,,456,60,20,30,50,13,147,170,28,62,28,30,3,,
Richmond upon Thames,9077,7537,187,,459,84,18,68,46,47,200,192,57,87,43,42,10,,
Richmond upon Thames,9081,7499,226,,677,87,22,29,66,47,136,118,24,52,44,51,3,,
Richmond upon Thames,9541,7403,244,,347,106,34,38,62,69,284,634,108,92,64,48,8,,
Richmond upon Thames,9445,7209,270,,1159,95,17,34,80,14,203,202,21,69,25,40,7,,
Richmond upon Thames,9925,7854,274,,1092,79,36,47,63,17,134,142,34,57,48,40,8,,
Richmond upon Thames,9767,7265,319,,1198,114,24,38,82,61,273,208,23,50,57,44,11,,
Richmond upon Thames,9946,7795,326,,984,87,36,33,68,22,155,264,48,54,45,23,6,,
Richmond upon Thames,10278,7289,297,,1873,74,12,37,68,26,280,138,22,52,81,21,8,,
Richmond upon Thames,9028,7377,398,,649,54,14,23,67,18,121,198,18,41,27,20,3,,
Richmond upon Thames,9615,8094,215,,637,85,19,29,45,30,164,169,24,46,25,27,6,,
Richmond upon Thames,9590,7397,308,,1215,87,19,36,43,28,156,157,19,34,44,43,4,,
Richmond upon Thames,9772,7759,286,,658,74,24,39,82,61,206,373,26,72,45,51,16,,
Richmond upon Thames,9149,7227,313,,365,86,10,42,46,46,208,500,90,109,41,58,8,,
Southwark,11136,4887,299,,803,36,109,176,109,180,389,134,22,80,2254,1338,320,,
Southwark,12798,5172,370,,876,34,109,237,154,171,450,151,42,78,3148,1478,328,,
Southwark,13115,6561,475,,1582,92,106,153,138,486,723,278,103,91,1628,538,161,,
Southwark,13058,5253,396,,1280,77,135,169,183,817,590,408,79,149,2660,616,246,,
Southwark,10294,6556,300,,693,64,55,152,95,99,187,236,66,92,880,687,132,,
Southwark,10840,6860,411,,719,78,59,132,98,69,166,210,100,83,601,1074,180,,
Southwark,12000,5673,462,,916,72,87,163,137,350,418,136,38,36,2517,735,260,,
Southwark,12697,5268,413,,898,46,134,162,116,336,686,61,52,37,3199,965,324,,
Southwark,11985,6719,475,,1005,58,94,153,126,133,340,214,55,78,1930,469,136,,
Southwark,12070,4991,357,,687,34,101,211,84,99,373,107,35,44,3284,1321,342,,
Southwark,12870,6395,536,,903,42,141,216,136,269,378,112,9,74,2371,1062,226,,
Southwark,10271,4756,316,,572,76,101,194,111,98,245,129,38,76,1552,1712,295,,
Southwark,11381,2928,220,,521,40,123,212,133,142,643,78,38,77,4060,1758,408,,
Southwark,11248,6788,376,,792,78,89,162,110,27,134,137,63,109,1015,1178,190,,
Southwark,10979,6950,386,,1256,68,68,83,68,56,325,141,41,50,1158,237,92,,
Southwark,11395,7240,301,,962,35,62,104,113,48,385,171,59,60,1394,352,109,,
Southwark,11631,7115,308,,798,63,71,123,119,55,407,130,28,59,1703,527,125,,
Southwark,11295,5799,314,,820,61,105,152,112,104,379,210,86,86,1633,1250,184,,
Southwark,11346,7649,289,,1273,94,76,78,100,32,468,231,35,56,688,214,63,,
Southwark,11973,6304,371,,749,91,72,224,179,46,238,121,94,72,1388,1695,329,,
Southwark,10484,7888,299,,785,104,57,94,78,25,113,260,35,49,286,349,62,,
Sutton,9941,8479,173,,270,56,16,60,38,35,73,264,45,124,113,168,27,,
Sutton,10423,8183,185,,378,86,26,84,33,52,146,421,62,197,307,211,52,,
Sutton,9790,7946,199,,488,79,20,30,58,27,204,328,108,143,79,62,19,,
Sutton,9833,8315,225,,385,83,7,77,39,20,127,175,43,112,85,120,20,,
Sutton,9747,8298,203,,265,72,12,64,25,27,97,269,62,114,102,117,20,,
Sutton,9695,7886,188,,386,86,18,45,73,27,198,375,67,209,86,43,8,,
Sutton,10160,8828,204,,234,56,5,48,38,10,152,195,69,208,45,59,9,,
Sutton,10798,9392,175,,220,57,34,116,34,16,121,121,36,149,165,147,15,,
Sutton,10327,8653,253,,291,70,9,74,51,25,154,243,63,200,115,116,10,,
Sutton,10016,8126,281,,481,75,20,98,59,73,161,152,63,127,170,108,22,,
Sutton,9675,8167,214,,320,70,9,42,63,60,117,172,76,126,129,98,12,,
Sutton,8827,6996,178,,538,92,9,41,63,24,226,245,60,151,103,89,12,,
Sutton,9980,8026,225,,517,80,24,52,55,13,231,300,128,132,120,70,7,,
Sutton,10384,9053,162,,238,52,43,96,47,63,103,139,57,59,128,128,16,,
Sutton,9974,8604,178,,289,69,30,63,46,18,78,166,56,98,137,116,26,,
Sutton,9602,8079,186,,324,72,15,61,39,38,126,203,58,133,93,160,15,,
Sutton,10722,9123,217,,244,47,45,119,61,21,80,170,80,121,171,179,44,,
Sutton,9874,8361,218,,304,72,16,35,66,29,197,195,83,170,60,63,5,,
Tower Hamlets,11765,5186,269,,713,88,47,106,75,3915,236,166,103,100,373,342,46,,
Tower Hamlets,13675,4289,222,,708,85,62,92,68,6609,281,162,137,138,469,289,64,,
Tower Hamlets,11939,6394,195,,1194,85,31,68,68,2066,772,181,122,102,395,229,37,,
Tower Hamlets,8797,5732,231,,476,57,41,116,55,877,178,133,51,35,285,477,53,,
Tower Hamlets,10421,6546,225,,647,59,39,129,63,1423,225,198,46,55,311,417,38,,
Tower Hamlets,11581,3882,172,,483,60,60,176,91,4639,438,167,78,74,701,466,94,,
Tower Hamlets,11496,5352,213,,464,67,64,115,54,3237,473,129,84,60,631,463,90,,
Tower Hamlets,12484,5605,229,,886,95,55,103,83,3684,545,139,80,86,514,318,62,,
Tower Hamlets,11801,5639,243,,650,69,47,85,81,3537,257,201,80,123,448,299,42,,
Tower Hamlets,11139,4356,215,,531,65,57,154,72,3896,279,203,85,124,539,478,85,,
Tower Hamlets,12892,6658,297,,1626,116,29,87,98,2027,897,199,52,94,371,291,50,,
Tower Hamlets,12679,4956,214,,494,100,41,76,49,5471,211,191,81,133,348,244,70,,
Tower Hamlets,11245,5535,275,,1324,102,48,47,70,2780,306,231,61,74,196,162,34,,
Tower Hamlets,12078,3772,219,,689,92,38,44,47,5922,292,171,109,136,253,256,38,,
Tower Hamlets,8383,1877,125,,547,43,27,35,61,4874,121,161,106,105,190,94,17,,
Tower Hamlets,11685,5014,285,,619,88,45,101,68,4358,157,117,61,138,346,225,63,,
Tower Hamlets,12046,3358,194,,774,77,58,34,65,6238,217,252,150,190,226,175,38,,
Waltham Forest,11388,4930,273,,796,83,82,218,132,183,230,481,775,329,1121,1522,233,,
Waltham Forest,10608,3980,206,,824,81,100,257,113,232,262,548,941,252,1268,1280,264,,
Waltham Forest,11098,7097,245,,558,88,79,182,94,40,145,187,530,226,459,1001,167,,
Waltham Forest,9497,8214,196,,409,40,14,53,40,3,68,58,63,54,113,151,21,,
Waltham Forest,10146,8363,222,,423,36,22,67,71,37,58,174,183,62,176,220,32,,
Waltham Forest,10427,4399,337,,676,113,75,130,113,120,220,548,1634,290,548,1094,130,,
Waltham Forest,11400,4550,309,,1020,95,69,136,135,193,287,792,1200,327,840,1266,181,,
Waltham Forest,10075,7743,211,,363,52,41,120,81,37,114,147,247,110,265,464,80,,
Waltham Forest,9879,8475,152,,296,54,29,71,47,37,37,129,100,56,152,187,57,,
Waltham Forest,11152,5343,325,,865,94,59,141,114,70,307,341,1553,454,534,800,152,,
Waltham Forest,11161,6154,236,,568,133,73,179,128,117,213,282,708,291,750,1076,253,,
Waltham Forest,11579,5823,321,,962,86,90,157,132,84,293,376,1281,375,606,835,158,,
Waltham Forest,10582,8439,200,,509,62,17,97,55,9,94,181,174,92,224,372,57,,
Waltham Forest,12340,4427,276,,1004,81,55,192,109,157,244,628,1670,286,1102,1831,278,,
Waltham Forest,12522,4472,288,,994,80,91,232,114,323,266,440,1409,333,1499,1608,373,,
Waltham Forest,10635,5246,301,,848,112,82,128,103,202,233,1061,740,214,511,730,124,,
Waltham Forest,10866,4591,241,,750,61,72,150,105,135,244,541,1729,358,651,1031,207,,
Waltham Forest,10680,7783,184,,619,62,32,122,74,66,88,155,222,122,491,522,138,,
Waltham Forest,10975,5431,250,,774,86,39,185,99,65,294,329,1178,603,589,886,167,,
Waltham Forest,11331,6234,339,,739,81,74,190,108,56,203,273,958,250,731,921,174,,
Wandsworth,12840,8777,342,,1269,98,57,77,110,45,266,404,280,182,307,551,75,,
Wandsworth,13017,8353,432,,1153,132,48,119,123,33,237,574,400,178,429,707,99,,
Wandsworth,12903,8752,364,,929,89,48,149,113,55,257,285,363,164,548,657,130,,
Wandsworth,13196,8958,405,,2024,118,54,88,142,12,395,255,198,134,191,177,45,,
Wandsworth,12034,8299,395,,1176,100,38,123,90,56,259,224,211,92,351,528,92,,
Wandsworth,13539,7455,479,,947,134,96,223,172,59,289,750,409,442,757,1162,165,,
Wandsworth,13213,6739,528,,990,125,53,193,123,107,387,988,545,801,523,939,172,,
Wandsworth,12596,6506,361,,1171,118,105,237,138,125,269,193,155,144,1451,1305,318,,
Wandsworth,13549,9220,387,,1267,106,49,117,97,114,233,408,240,145,379,680,107,,
Wandsworth,12851,9518,324,,1254,120,32,119,80,20,133,198,114,80,272,494,93,,
Wandsworth,12505,7114,391,,1347,91,88,199,118,52,284,210,142,129,1098,1031,211,,
Wandsworth,13011,8730,458,,1133,122,80,248,147,52,313,142,150,169,622,497,148,,
Wandsworth,12395,7739,352,,1514,94,78,138,88,24,285,175,128,70,728,817,165,,
Wandsworth,12464,9166,358,,1071,93,55,117,100,20,136,153,73,75,353,610,84,,
Wandsworth,14063,9494,463,,1579,114,85,96,100,52,260,277,443,144,424,456,76,,
Wandsworth,12344,9407,389,,1535,88,45,64,89,5,200,170,57,61,97,120,17,,
Wandsworth,13261,6505,453,,1043,149,78,169,146,183,343,1351,751,648,549,757,136,,
Wandsworth,13555,10251,401,,1047,109,43,107,98,31,166,190,211,92,267,458,84,,
Wandsworth,14356,8662,453,,2171,122,72,185,159,24,503,307,446,223,431,475,123,,
Wandsworth,12688,9020,416,,1542,125,48,125,103,30,349,158,133,111,236,244,48,,
Westminster,9554,4858,226,,2237,122,44,25,117,88,794,462,93,155,215,102,16,,
Westminster,8145,4105,300,,1891,122,32,62,85,171,483,251,63,130,244,168,38,,
Westminster,10669,4904,261,,2701,144,67,30,114,171,779,540,178,295,309,133,43,,
Westminster,8391,4778,334,,1253,98,74,88,118,400,393,95,93,122,329,171,45,,
Westminster,6490,2512,250,,1010,110,65,69,121,715,483,187,76,194,424,208,66,,
Westminster,8621,3452,484,,1217,148,75,123,153,374,402,144,70,166,601,1058,154,,
Westminster,10330,4017,243,,2812,211,54,42,188,143,967,514,186,428,342,143,40,,
Westminster,8949,4564,227,,2531,107,15,21,92,68,473,242,71,180,183,165,10,,
Westminster,12003,4818,303,,3528,185,93,77,205,164,1104,369,154,276,447,241,39,,
Westminster,8100,4192,315,,1795,115,47,58,125,179,439,215,76,175,216,122,31,,
Westminster,9647,5162,482,,1785,129,68,59,142,141,449,229,80,177,377,299,68,,
Westminster,8860,4374,230,,2361,92,52,25,114,122,561,387,75,116,245,83,23,,
Westminster,9179,3511,553,,1071,126,116,182,154,545,429,138,83,235,573,1222,241,,
Westminster,11049,4684,357,,2536,145,81,58,145,224,1022,704,193,327,376,153,44,,
Westminster,8658,5184,309,,1482,76,38,41,105,215,522,177,28,76,237,132,36,,
Westminster,8342,5324,361,,1432,74,20,74,83,142,301,126,39,43,160,120,43,,
Westminster,8630,4706,311,,1654,91,62,94,85,274,435,216,56,126,330,145,45,,
Westminster,8131,5057,279,,1510,91,36,45,83,97,253,175,68,77,190,139,31,,
Westminster,10075,3941,516,,1633,160,131,176,169,612,598,216,79,254,711,733,146,,
Westminster,7463,3795,233,,1764,90,34,33,60,155,616,278,67,62,169,76,31,,
